"","usernames","start_date","account_age_days","number_of_games","games_per_day","elo_progress_day","n_friends_G","n_friends_US","grit","grit_friend_G","grit_friend_US","grit_not_friend_G","grit_not_friend_US"
"1","Vitor_soares","2021-03-08 13:24:44",1002,390,0.389221556886228,-0.494011976047904,0,0,0.163278775876518,NA,NA,0.163278775876518,0.163278775876518
"2","holias","2020-09-26 05:59:17",1011,901,0.891196834817013,0.303659742828882,1,1,-0.00046893318561554,1.79175946922805,1.79175946922805,-0.0160484888704639,-0.0160484888704639
"3","Paselicali","2020-01-01 18:30:46",1439,2370,1.64697706740792,0.246699096594858,0,0,-0.0630282778072746,NA,NA,-0.0630282778072746,-0.0630282778072746
"4","donacc","2021-05-05 13:22:16",943,1140,1.20890774125133,0.96288441145281,0,2,-0.399985642343539,NA,-Inf,-0.399985642343539,-0.365173934382007
"5","YomeshS","2020-12-05 17:00:01",579,594,1.0259067357513,0.469775474956822,0,0,-0.125163142954006,NA,NA,-0.125163142954006,-0.125163142954006
"6","wilberone","2019-02-21 07:40:13",1752,5143,2.93550228310502,0.10958904109589,0,1,0.0823668723798294,NA,Inf,0.0823668723798294,0.0838063553228402
"7","Egorshaman","2017-11-07 07:45:52",2204,187,0.0848457350272232,-0.0576225045372051,0,0,-0.274778667615873,NA,NA,-0.274778667615873,-0.274778667615873
"8","akapoor0808","2019-11-28 11:48:10",1131,320,0.282935455349248,-0.185676392572944,0,0,0.262009717397654,NA,NA,0.262009717397654,0.262009717397654
"9","saintmel45","2023-02-15 02:57:37",299,2910,9.73244147157191,-0.404682274247492,0,0,-0.217568190149691,NA,NA,-0.217568190149691,-0.217568190149691
"10","yrruhhffrr","2023-02-13 14:16:35",304,1675,5.50986842105263,1.34868421052632,0,0,-0.181327026627446,NA,NA,-0.181327026627446,-0.181327026627446
"11","BobbyZero","2023-04-05 16:38:58",185,947,5.11891891891892,3.36216216216216,4,0,-0.0526410733485043,0.847297860387203,NA,-0.185180636312832,-0.0526410733485043
"12","everaldo170","2021-04-27 01:59:22",959,2024,2.11053180396246,-0.158498435870699,2,3,0.159022548745471,-0.693147180559945,0.60077386042893,0.16080438544626,0.141052861796146
"13","Gimbo_flint","2020-01-15 15:36:43",1421,2682,1.88740323715693,0.0710767065446868,1,4,0.0205810195890593,-0.405465108108164,-0.0496868528864023,0.0233145272464632,-0.0138022831516661
"14","Razor7526","2022-10-10 03:01:41",414,801,1.93478260869565,-0.490338164251208,0,2,-0.219887931543866,NA,NA,-0.219887931543866,-0.222052528258998
"15","supericsun","2019-09-07 09:19:16",1536,356,0.231770833333333,0.296875,0,0,0.22047414206144,NA,NA,0.22047414206144,0.22047414206144
"16","JIPerez","2022-02-18 17:01:46",664,1936,2.91566265060241,-0.66566265060241,0,0,-0.105201089591327,NA,NA,-0.105201089591327,-0.105201089591327
"17","jiejiuk","2018-01-19 16:49:24",2152,1923,0.893587360594795,0.0492565055762082,0,2,0.150182763613074,NA,-Inf,0.150182763613074,0.184223576224521
"18","koraleser","2022-04-07 23:49:36",615,2531,4.11544715447154,-0.630894308943089,0,0,-0.177072123935172,NA,NA,-0.177072123935172,-0.177072123935172
"19","Gilthbrim","2022-10-22 06:03:05",414,168,0.405797101449275,-0.369565217391304,0,0,-0.352821374622742,NA,NA,-0.352821374622742,-0.352821374622742
"20","tufan1371","2019-02-02 19:42:17",1771,1896,1.07058159232072,0.154150197628458,44,2,-0.39132652244315,-0.372797714276511,0.038839833316264,-0.125477499252766,-0.333504251352144
"21","Azathoth_Void","2022-06-08 12:33:49",352,608,1.72727272727273,-0.360795454545455,0,1,0.256390581312767,NA,-Inf,0.256390581312767,0.264532955386152
"22","Firelink120","2022-09-28 18:54:26",441,5104,11.5736961451247,1.63945578231293,3,0,0.0991809547759961,-Inf,NA,0.0845262558940582,0.0991809547759961
"23","ayanaaa","2021-03-27 02:37:27",987,1373,1.39108409321175,0.340425531914894,0,0,-0.0185047117354305,NA,NA,-0.0185047117354305,-0.0185047117354305
"24","ThreeviosFiver","2020-02-04 14:59:06",1408,6477,4.60014204545455,0.216619318181818,1,3,-0.0142839613682413,NA,Inf,-0.0139443510804929,-0.0139543548265387
"25","Apomocca","2022-06-18 14:30:03",442,191,0.432126696832579,0.287330316742081,0,0,0.296221833999915,NA,NA,0.296221833999915,0.296221833999915
"26","dshadri","2021-11-06 15:15:49",768,3889,5.06380208333333,0.545572916666667,0,0,-0.0197979896257746,NA,NA,-0.0197979896257746,-0.0197979896257746
"27","ChenPlayChess","2023-05-02 04:00:11",222,1988,8.95495495495495,0.68018018018018,0,1,0.0512174779040861,NA,NA,0.0512174779040861,0.0499493667862546
"28","Apocalipchess","2017-08-08 20:21:53",2319,2492,1.07460112117292,0.240189736955584,2,1,-0.259970012646484,-1.38629436111989,Inf,-0.240479117324685,-0.241560632347895
"29","torretrois","2019-03-19 15:13:58",1544,300,0.194300518134715,0.409326424870466,0,0,0.0888418519479018,NA,NA,0.0888418519479018,0.0888418519479018
"30","AalborgG","2017-05-16 14:34:01",2402,224,0.093255620316403,0.184429641965029,0,0,-0.97109896836915,NA,NA,-0.97109896836915,-0.97109896836915
"31","sillyboy2015","2023-01-22 16:09:12",324,366,1.12962962962963,-1.08641975308642,0,0,0.500265005715368,NA,NA,0.500265005715368,0.500265005715368
"32","Lakiba","2019-12-28 15:58:51",1284,893,0.695482866043614,0.300623052959502,0,2,0.15502102715076,NA,2.07944154167984,0.15502102715076,0.138181215407595
"33","Eroskovick","2020-02-28 18:49:38",1385,5189,3.74657039711191,-0.128519855595668,0,2,-0.102540315416022,NA,Inf,-0.102540315416022,-0.102254685967476
"34","Pat_Meminy","2020-08-19 16:40:26",1162,696,0.598967297762478,-0.135972461273666,1,2,0.217299270168781,NA,NA,0.209455045491387,0.244301776821556
"35","pauloc1253","2022-04-08 12:31:13",537,1528,2.84543761638734,0.487895716945996,1,0,0.194672789413473,-Inf,NA,0.195785738654017,0.194672789413473
"36","JPreston","2020-11-20 23:53:24",1119,2445,2.18498659517426,-0.252904378909741,1,5,0.0492658332596507,NA,-Inf,0.0523975718731666,0.0632091077648204
"37","Dama_Escarlata","2022-09-02 00:44:08",468,432,0.923076923076923,-0.0918803418803419,7,0,-0.407251420964539,1.40534255609059,NA,-0.762140052046896,-0.407251420964539
"38","Ant1245461","2021-03-07 15:21:18",778,942,1.2107969151671,0.517994858611825,1,1,0.0535448721799718,-Inf,-Inf,0.0270811102312102,0.0270811102312102
"39","Yesildur","2021-02-08 17:22:56",1045,2987,2.85837320574163,-0.133014354066986,1,1,0.00850083157515386,-0.541916210836022,-0.541916210836022,0.0300784109159674,0.0300784109159674
"40","Yrk_kaushik","2018-05-28 17:58:29",478,298,0.623430962343096,-1.15062761506276,0,0,-0.239179695814912,NA,NA,-0.239179695814912,-0.239179695814912
"41","Kostia_Toktonov","2022-01-16 06:00:01",703,2114,3.00711237553343,0.799431009957326,5,6,-0.055365205702342,0.105360515657826,0.117783035656383,-0.0401987083412582,-0.0412313298833795
"42","NOGUERALEX","2017-09-11 15:53:47",2157,230,0.106629578117756,0.244320815948076,0,0,-1.02919667356886,NA,NA,-1.02919667356886,-1.02919667356886
"43","Reis69","2021-10-02 18:22:47",752,278,0.36968085106383,-0.450797872340426,0,0,0.257482332588148,NA,NA,0.257482332588148,0.257482332588148
"44","Koller94","2016-12-22 22:01:40",2514,2189,0.870723945902944,0.207239459029435,0,1,0.200550656449328,NA,0.693147180559946,0.200550656449328,0.198677499159803
"45","PM69","2023-08-23 04:11:57",102,219,2.14705882352941,-1.24509803921569,0,0,0.129007285377901,NA,NA,0.129007285377901,0.129007285377901
"46","rileyanika","2023-02-23 13:08:54",300,220,0.733333333333333,-0.723333333333333,1,2,-0.384765068291019,Inf,0.233614851181505,-0.277894066085618,-0.260144507729178
"47","MhmdHsn","2016-09-17 09:49:09",2638,724,0.274450341167551,0.10235026535254,0,0,0.120897090333258,NA,NA,0.120897090333258,0.120897090333258
"48","CHESScom124","2023-05-03 04:43:47",229,1391,6.07423580786026,2.79039301310044,4,14,-0.265925174453501,NA,-1.19869574722509,-0.238861657559188,-0.211722752097067
"49","amielrd","2021-06-04 12:13:25",923,449,0.486457204767064,-0.270855904658722,0,0,0.305346198824734,NA,NA,0.305346198824734,0.305346198824734
"50","Fedeandres","2021-06-30 17:32:26",903,4533,5.01993355481728,0.197120708748616,0,4,0.013390822784713,NA,0.708185057924486,0.013390822784713,-0.0185265314045627
"51","DatAgZuu","2018-03-17 21:16:23",2027,514,0.253576714356191,0.161815490873212,0,1,-0.233529965140964,NA,-Inf,-0.233529965140964,-0.223006836569311
"52","bradibart","2021-11-07 10:49:06",572,2369,4.14160839160839,0.160839160839161,0,1,-0.00267829319287934,NA,NA,-0.00267829319287934,0.00277131157468535
"53","panglim4_kumbang","2021-03-31 15:30:20",991,5716,5.76791120080727,0.676084762865792,2,3,-0.0280719048789471,-1.6094379124341,-1.09861228866811,-0.02542312829127,-0.0248626898920587
"54","jjoeman","2016-09-01 19:15:39",2190,648,0.295890410958904,-0.0584474885844749,0,0,0.299275496992647,NA,NA,0.299275496992647,0.299275496992647
"55","fabiii87","2023-02-08 15:05:15",293,94,0.320819112627986,0.399317406143345,0,0,-0.0246926125903721,NA,NA,-0.0246926125903721,-0.0246926125903721
"56","jesusrobertosolanoh","2021-11-24 14:01:18",575,344,0.598260869565217,0.784347826086957,0,0,-0.363160050973203,NA,NA,-0.363160050973203,-0.363160050973203
"57","khall111","2023-01-14 21:14:55",338,565,1.67159763313609,-0.343195266272189,0,1,-0.460808874658189,NA,-2.484906649788,-0.460808874658189,-0.424233094950024
"58","enxadrismo","2017-10-06 12:46:04",2265,520,0.229580573951435,0.154966887417219,1,0,-0.383142388935694,Inf,NA,-0.396765787419891,-0.383142388935694
"59","ArcticAndrii","2021-09-15 08:08:54",807,1360,1.68525402726146,-0.0631970260223048,0,0,-0.136679119100421,NA,NA,-0.136679119100421,-0.136679119100421
"60","kamalsiri","2021-12-16 00:12:20",605,571,0.943801652892562,0.0578512396694215,0,0,-0.169754761473441,NA,NA,-0.169754761473441,-0.169754761473441
"61","mzf","2020-02-08 20:08:14",1275,882,0.691764705882353,-0.0454901960784314,0,1,-0.00963879673928113,NA,Inf,-0.00963879673928113,-0.0193242728264029
"62","iRoopz","2022-07-11 20:14:41",527,2249,4.26755218216319,0.326375711574953,0,4,0.0869916762439561,NA,0.405465108108164,0.0869916762439561,0.0891865203190569
"63","jja854","2017-11-22 14:06:59",834,1978,2.37170263788969,-0.533573141486811,1,1,-0.224548539251687,NA,NA,-0.220317692845948,-0.223252698717887
"64","nenja_the_silent","2020-01-07 14:10:59",1442,1302,0.902912621359223,0.0922330097087379,0,1,0.0723438938911259,NA,NA,0.0723438938911259,0.079021986956151
"65","irfanasrullah","2021-01-07 05:59:57",1003,913,0.910269192422732,0.25024925224327,0,0,0.208000793789523,NA,NA,0.208000793789523,0.208000793789523
"66","TiagoGuedes","2021-10-28 08:04:14",517,1558,3.01353965183752,-0.357833655705996,0,0,-0.0207884550842959,NA,NA,-0.0207884550842959,-0.0207884550842959
"67","Youpix_ighid8","2023-08-29 00:21:33",109,308,2.8256880733945,-1.61467889908257,0,0,-0.383567865459937,NA,NA,-0.383567865459937,-0.383567865459937
"68","leograndecapivara","2020-06-01 22:16:59",1028,709,0.689688715953307,0.170233463035019,2,0,0.391562382633676,1.00764051046238,NA,0.198417860278301,0.391562382633676
"69","Chimitosik_87","2020-04-12 06:36:56",1345,512,0.380669144981413,0.0706319702602231,0,1,-0.155601006404905,NA,-0.916290731874155,-0.155601006404905,-0.0607354872443963
"70","anilm_sg","2021-04-03 17:16:12",981,1500,1.52905198776758,-0.145769622833843,0,1,-0.184397898085239,NA,-Inf,-0.184397898085239,-0.181946360664306
"71","tostaditens","2023-02-15 16:56:42",302,165,0.54635761589404,-0.367549668874172,0,0,-0.334006144126019,NA,NA,-0.334006144126019,-0.334006144126019
"72","Andique","2015-08-20 19:36:08",3007,3703,1.23145992683738,0.0741602926504822,0,0,-0.171819909545705,NA,NA,-0.171819909545705,-0.171819909545705
"73","granguerrerov","2020-08-31 11:20:42",1204,252,0.209302325581395,0.792358803986711,1,0,-0.231928380869943,NA,NA,-0.206004041437514,-0.231928380869943
"74","Julio_tos","2021-08-27 01:53:47",842,757,0.899049881235154,-0.0451306413301663,0,0,-0.523993578014496,NA,NA,-0.523993578014496,-0.523993578014496
"75","Lucky429","2022-05-04 15:01:51",581,1075,1.85025817555938,0.0533562822719449,12,0,-0.00151717311793244,-0.042559614418796,NA,0.00905386518632213,-0.00151717311793244
"76","chelias22","2017-06-26 02:43:06",1856,1859,1.00161637931034,0.165409482758621,24,0,-0.0641466372969305,-0.435318071257846,NA,0.0263899941812164,-0.0641466372969305
"77","Tiagoares","2018-11-02 20:53:51",1306,713,0.54594180704441,0.25114854517611,0,0,-0.0255772082993829,NA,NA,-0.0255772082993829,-0.0255772082993829
"78","chemicalustaz","2020-08-25 21:48:36",507,589,1.16173570019724,0.331360946745562,0,3,0.0724199932979806,NA,0.0588405000229334,0.0724199932979806,0.0969596876428178
"79","GennadiyZ","2023-02-06 13:19:56",317,163,0.514195583596215,0.0220820189274448,0,0,0.194524746008557,NA,NA,0.194524746008557,0.194524746008557
"80","erim_61","2018-01-03 11:56:50",2176,4062,1.86672794117647,0.0206801470588235,1,8,-0.0792485162869697,-Inf,-0.22825865198098,-0.0786413515197922,-0.0701009910050682
"81","acKRz","2019-09-30 08:59:41",1509,289,0.191517561298873,0.190192180251822,0,1,0.200670695462151,NA,-0.287682072451781,0.200670695462151,0.111318685199154
"82","dbovie","2023-09-22 14:26:05",89,194,2.17977528089888,2.87640449438202,0,0,0.214856054258103,NA,NA,0.214856054258103,0.214856054258103
"83","Dudderkins","2020-01-18 04:50:12",1408,1919,1.36292613636364,0.210227272727273,0,1,-0.0840684905694257,NA,NA,-0.0840684905694257,-0.0812755602112889
"84","mudgal20","2021-07-25 10:10:21",665,614,0.923308270676692,0.359398496240601,0,2,-0.334150433860055,NA,0.182321556793955,-0.334150433860055,-0.349029381065849
"85","mr_zippo","2020-02-14 13:12:35",1405,1447,1.02989323843416,0.414946619217082,46,0,-0.0661894096291828,-0.140409388571543,NA,0.0220065123448032,-0.0661894096291828
"86","Pepecamacho","2021-07-14 14:32:03",878,305,0.347380410022779,0.232346241457859,0,0,-0.516795790752496,NA,NA,-0.516795790752496,-0.516795790752496
"87","Les_Dette","2022-07-27 07:33:40",414,384,0.927536231884058,0.253623188405797,0,0,0.175818979306388,NA,NA,0.175818979306388,0.175818979306388
"88","Judunha","2018-12-20 04:23:49",1826,7240,3.96495071193866,-0.0388828039430449,0,2,0.0382047342400584,NA,Inf,0.0382047342400584,0.038761849964294
"89","albes99","2022-06-27 13:01:40",519,452,0.870905587668593,0.570327552986512,2,1,-0.0358028319559162,0,NA,-0.103899595018152,-0.0928917989400432
"90","kingcat1","2018-12-01 11:36:29",1845,5788,3.13712737127371,0.218970189701897,0,3,-0.101456052243849,NA,-0.762140052046897,-0.101456052243849,-0.101936150920387
"91","hasroltakaful","2019-04-20 18:23:59",1705,3138,1.84046920821114,0.236950146627566,0,0,-0.0950096011985865,NA,NA,-0.0950096011985865,-0.0950096011985865
"92","La_Mazet","2021-03-31 16:12:09",448,378,0.84375,1.19419642857143,0,0,0.333149345595511,NA,NA,0.333149345595511,0.333149345595511
"93","diegogoodman48","2018-10-15 19:33:24",1731,464,0.268053148469093,0.305603697284806,0,3,0.0656539702214366,NA,-Inf,0.0656539702214366,0.0896121586896869
"94","AriannaCR","2022-10-12 22:00:11",420,338,0.804761904761905,-0.7,7,0,0.0137933221323358,-0.300104592450338,NA,0,0.0137933221323358
"95","jaykarokaro","2020-06-05 12:43:58",1225,622,0.507755102040816,0.524897959183673,1,0,-0.279789048028957,NA,NA,-0.316025499791849,-0.279789048028957
"96","sahana16","2023-03-17 15:56:19",285,954,3.34736842105263,-1.78947368421053,0,3,0.166087319387822,NA,0.182321556793955,0.166087319387822,0.165148574297597
"97","mredzuan2020","2021-09-14 04:42:04",784,470,0.599489795918367,0.594387755102041,0,0,-0.037202159783021,NA,NA,-0.037202159783021,-0.037202159783021
"98","stasmagovski","2020-09-26 18:03:00",1186,3673,3.09696458684654,0.219224283305228,2,4,0.123217839052556,1.09861228866811,-0.25489224962879,0.119257067859108,0.118054539265916
"99","Elshadethebest","2019-06-26 02:30:04",1607,177,0.11014312383323,0.173615432482887,0,0,0.0517225543110217,NA,NA,0.0517225543110217,0.0517225543110217
"100","RobertFuntenares366","2022-05-17 14:17:57",589,2506,4.25466893039049,0.292020373514431,0,0,0.128444883236842,NA,NA,0.128444883236842,0.128444883236842
"101","Deveshkun16","2021-07-18 07:42:06",858,3055,3.56060606060606,-0.115384615384615,1,4,0.00690871322092896,Inf,-0.510825623765991,0.00958477498653815,0.0151035916889339
"102","Uniden2830","2023-09-13 18:22:02",81,1119,13.8148148148148,-6.07407407407407,0,1,-0.047486666265988,NA,NA,-0.047486666265988,-0.0447168387817961
"103","Elprin","2019-03-19 17:47:09",1742,3623,2.07979334098737,0.235361653272101,0,1,-0.197668811468204,NA,NA,-0.197668811468204,-0.179541426875647
"104","Aljoscha87","2022-01-31 20:27:21",641,776,1.21060842433697,0.53198127925117,0,0,-0.206818320743111,NA,NA,-0.206818320743111,-0.206818320743111
"105","Basico01","2020-09-22 04:32:51",1187,5874,4.9486099410278,0.349620893007582,3,4,0.0336993784412859,-0.356674943938732,0.777028664540647,0.0315358368919907,0.0277239628823629
"106","iamlisu","2022-03-16 09:46:30",650,7048,10.8430769230769,0.258461538461538,0,2,0.0207820654635725,NA,NA,0.0207820654635725,0.0221019003000369
"107","Alqudimy","2020-10-25 22:23:38",1149,2914,2.5361183637946,0.241949521322889,0,0,0.020108103539228,NA,NA,0.020108103539228,0.020108103539228
"108","BobTheBurglar","2020-11-26 22:16:20",1116,485,0.434587813620072,0.122759856630824,0,0,-0.381125017818479,NA,NA,-0.381125017818479,-0.381125017818479
"109","bobbylittlehelper","2020-11-26 21:36:10",1117,888,0.794986571172784,-0.38585496866607,1,0,0.341256136271549,-2.30258509299405,NA,0.36764807178387,0.341256136271549
"110","signature987","2020-08-15 16:02:30",1228,731,0.595276872964169,0.543159609120521,4,0,-0.0090821253534666,-0.0741079721537216,NA,-0.0108965912242131,-0.0090821253534666
"111","AlfoTal","2020-03-21 20:00:05",1376,5645,4.10247093023256,-0.0704941860465116,1,3,-0.142868213366671,0.300104592450338,0.955511445027437,-0.143751129922911,-0.155781186434381
"112","jjimenez1","2022-03-31 19:32:42",636,8473,13.3223270440252,0.493710691823899,0,0,-0.0648377879361534,NA,NA,-0.0648377879361534,-0.0648377879361534
"113","Shado9","2022-02-07 12:44:11",635,729,1.14803149606299,-0.670866141732283,1,2,-0.0859497370447613,NA,NA,-0.082041344670179,-0.0688769227361694
"114","kilo_luke","2022-12-21 23:04:03",370,898,2.42702702702703,-0.0540540540540541,0,1,0.229414432589988,NA,Inf,0.229414432589988,0.226650466786987
"115","peggiodimenessuno","2016-06-04 19:58:10",2599,8227,3.16544824932666,0.10580992689496,10,2,-0.0927485101170157,-1.67397643357167,Inf,-0.0810857857845758,-0.0916503943705698
"116","ychou","2023-02-24 23:30:25",272,406,1.49264705882353,-1.24632352941176,0,1,0.0214629298525751,NA,NA,0.0214629298525751,0.0232898910810871
"117","Dude505","2021-05-10 19:19:23",960,4290,4.46875,-0.105208333333333,0,0,-0.0577974587486625,NA,NA,-0.0577974587486625,-0.0577974587486625
"118","AlekzDav","2022-08-15 02:09:38",487,642,1.31827515400411,-0.240246406570842,0,2,0.354754588577885,NA,-Inf,0.354754588577885,0.350335489610924
"119","Serdel73","2019-05-09 20:50:11",1679,1481,0.882072662298988,-0.100059559261465,2,3,-0.140248795742622,-0.86222351060388,-0.693147180559945,-0.00551361818688955,-0.125655614593131
"120","zwitterfijon","2022-02-25 13:07:37",601,265,0.440931780366057,0.173044925124792,2,1,-0.0746372891066281,-0.287682072451781,-0.405465108108164,-0.0666196873413957,-0.0661398025045454
"121","schnitzel11","2020-05-24 21:19:06",1314,2255,1.71613394216134,-0.0852359208523592,0,2,-0.128933623357761,NA,-0.543442928689822,-0.128933623357761,-0.0856452565585867
"122","vWasu","2023-02-08 23:07:19",235,205,0.872340425531915,0.48936170212766,0,0,-0.0879687729459573,NA,NA,-0.0879687729459573,-0.0879687729459573
"123","diman4ik00","2023-02-08 04:08:44",305,529,1.7344262295082,-0.678688524590164,1,0,0.111904195865642,0.0640576363002205,NA,-0.00757989552276888,0.111904195865642
"124","JOVENJOAQUIN","2017-08-27 01:52:28",2305,153,0.0663774403470716,0.176138828633406,1,1,-0.0190481949706944,1.38629436111989,1.38629436111989,-0.229574441644501,-0.229574441644501
"125","wintersws","2016-03-22 12:51:03",2823,1747,0.618845200141693,0.153382925965285,0,1,0.012014055348635,NA,NA,0.012014055348635,0.0188555871653518
"126","MRSERIO","2020-05-09 09:15:07",1327,626,0.471740768651093,0.223059532780708,0,0,-0.18161757929216,NA,NA,-0.18161757929216,-0.18161757929216
"127","leoncioguz","2021-02-21 01:06:54",841,6300,7.4910820451843,0.177170035671819,0,5,-0.0813781622025404,NA,Inf,-0.0813781622025404,-0.0825528025797936
"128","PrettoMarcelo","2023-04-18 20:41:03",246,735,2.98780487804878,-2.86585365853659,0,0,-0.313635819488309,NA,NA,-0.313635819488309,-0.313635819488309
"129","BalChess73","2021-01-09 03:07:41",1084,7270,6.70664206642066,0.0230627306273063,2,2,-0.0466349942534185,-Inf,0.328504066972036,-0.0472472879798993,-0.0476222985837179
"130","TORO_CCN","2023-08-04 08:05:54",147,338,2.29931972789116,1.2312925170068,0,0,-0.124727318148676,NA,NA,-0.124727318148676,-0.124727318148676
"131","isawedthisboatinhalf","2020-05-23 04:17:40",1307,454,0.347360367253252,0.107880642693191,0,0,0.00998088899768058,NA,NA,0.00998088899768058,0.00998088899768058
"132","Majadebij","2020-03-17 20:08:49",1378,4230,3.06966618287373,0.201741654571843,2,5,0.212802931484254,-Inf,-Inf,0.216363781038701,0.228048572017036
"133","bhupi123","2020-07-26 04:05:45",1251,2244,1.79376498800959,0.238209432454037,0,0,0.169338681182101,NA,NA,0.169338681182101,0.169338681182101
"134","Abody2","2023-08-08 09:59:35",120,194,1.61666666666667,-4.55,0,0,0.111839481755535,NA,NA,0.111839481755535,0.111839481755535
"135","qfe3","2016-02-16 19:45:59",2530,2441,0.964822134387352,0.134387351778656,0,2,-0.0442774858189115,NA,NA,-0.0442774858189115,-0.0369106573978657
"136","mrmacussay_1","2022-01-14 17:01:00",705,188,0.266666666666667,-0.10354609929078,1,1,0.109357095342312,NA,NA,0.035590945102703,0.035590945102703
"137","lazypuppy123","2020-05-05 13:45:43",1208,515,0.426324503311258,0.418046357615894,0,1,-0.0108109161042157,NA,Inf,-0.0108109161042157,-0.0459228224251463
"138","MohammedAbdElmonem","2022-05-01 20:34:26",592,300,0.506756756756757,0.378378378378378,0,1,-0.261952826485962,NA,Inf,-0.261952826485962,-0.263864507435195
"139","ziksm","2017-01-18 14:02:45",2515,3805,1.51292246520875,0.194831013916501,7,0,-0.399814339954193,-0.200670695462151,NA,-0.417902770802846,-0.399814339954193
"140","lucasindus","2019-08-24 15:17:36",1097,583,0.531449407474932,0.391066545123063,1,1,-0.047708877625458,-0.405465108108164,-0.405465108108164,-0.010679945300178,-0.010679945300178
"141","snihata","2020-12-08 16:43:00",1100,993,0.902727272727273,0.180909090909091,0,0,0.078776949674804,NA,NA,0.078776949674804,0.078776949674804
"142","Tire_Rack","2020-11-04 20:07:50",1052,3595,3.41730038022814,0.316539923954373,1,1,-0.104369082772354,0.287682072451781,0.287682072451781,-0.104999088767823,-0.104999088767823
"143","Thatstuff123","2022-03-03 15:42:20",378,1109,2.93386243386243,-0.14021164021164,0,0,-0.243027759533089,NA,NA,-0.243027759533089,-0.243027759533089
"144","deersawao07","2020-11-25 01:40:40",635,170,0.267716535433071,0.555905511811024,1,1,-0.733421079697885,NA,-Inf,-0.939757512695714,-0.691385065566547
"145","KidLightning","2020-03-22 21:20:02",1374,4386,3.19213973799127,0.331877729257642,1,4,0.0893131275930977,NA,-0.405465108108164,0.0922659329266574,0.0947246217774263
"146","dola1982","2022-07-18 17:28:29",529,6224,11.765595463138,-0.149338374291115,0,2,-0.0426315427853837,NA,-Inf,-0.0426315427853837,-0.0431264381457344
"147","Sherif_3","2023-04-05 12:46:01",267,282,1.0561797752809,-1.62921348314607,1,2,-0.274308012926524,Inf,-0.587786664902119,-0.314951100567333,-0.274497763736563
"148","Dang73","2023-08-23 10:40:59",128,848,6.625,3.4609375,0,0,-0.35933342390288,NA,NA,-0.35933342390288,-0.35933342390288
"149","nico18ab","2018-09-10 12:25:09",1921,553,0.287870900572618,0.0260281103591879,2,0,-0.213620766394371,-0.628608659422374,NA,-0.178354716931143,-0.213620766394371
"150","alexey87_87","2021-04-19 18:11:02",979,168,0.171603677221655,0.488253319713994,0,0,-0.318453731118534,NA,NA,-0.318453731118534,-0.318453731118534
"151","auroragrey667","2019-12-25 11:12:34",1379,493,0.357505438723713,0.0427846265409717,1,1,0.0509091960536564,0.405465108108164,0.405465108108164,0.0439173878792562,0.0439173878792562
"152","cuiere","2016-06-07 11:34:53",1688,681,0.403436018957346,-0.252369668246446,1,2,-0.388784767971882,NA,-Inf,-0.394430513384456,-0.393202014176107
"153","gamuza85","2020-06-29 13:40:16",804,467,0.580845771144279,-0.134328358208955,0,0,-0.26421128366353,NA,NA,-0.26421128366353,-0.26421128366353
"154","blackswordknight","2020-03-23 02:11:54",1375,4017,2.92145454545455,0.316363636363636,1,2,0.00618862616408923,-Inf,0.182321556793955,-0.0152139636532456,-0.00981761971734083
"155","dangerousssss","2020-07-21 17:49:14",974,2095,2.15092402464066,-0.139630390143737,0,2,-0.0569474211184144,NA,Inf,-0.0569474211184144,-0.0600465510203781
"156","Aviator2000","2021-02-28 23:11:06",931,365,0.392051557465091,-0.0719656283566058,1,1,0.117570679564757,0.474457979595116,0.474457979595116,0.0376549293235541,0.0376549293235541
"157","davidbonaparty","2021-08-14 05:49:32",867,838,0.966551326412918,0.408304498269896,0,0,-0.238622207130335,NA,NA,-0.238622207130335,-0.238622207130335
"158","vinceman_stegeroni","2017-11-15 16:53:56",2152,2051,0.953066914498141,0.0929368029739777,0,2,-0.121140568425339,NA,Inf,-0.121140568425339,-0.136462698207939
"159","yusnielalvarez1234","2023-08-06 17:58:20",144,1526,10.5972222222222,0.993055555555556,7,1,0.00680021746043872,-0.259511195485085,0.287682072451781,0.0156379568525315,-0.00359933869233139
"160","fa20193300k","2022-11-02 01:08:19",411,903,2.1970802919708,0.557177615571776,0,1,-0.058036457696452,NA,NA,-0.058036457696452,-0.0696368315836805
"161","beersnpies","2023-05-17 04:12:36",226,2627,11.6238938053097,0.18141592920354,0,0,-0.0569586307828315,NA,NA,-0.0569586307828315,-0.0569586307828315
"162","LittleCharlotte44","2021-08-12 17:11:04",869,2899,3.33601841196778,0.0529344073647871,0,0,-0.0346712064225424,NA,NA,-0.0346712064225424,-0.0346712064225424
"163","thegoose7777","2023-04-25 18:08:58",204,1413,6.92647058823529,-1.00980392156863,0,1,0.0925966103451329,NA,NA,0.0925966103451329,0.103263378149328
"164","joncass","2022-08-29 16:14:22",417,149,0.357314148681055,1.12470023980815,0,0,0.950192283549837,NA,NA,0.950192283549837,0.950192283549837
"165","asilbek786","2023-02-23 11:55:57",208,508,2.44230769230769,-1.65384615384615,0,2,0.139444532437563,NA,0.798507696217772,0.139444532437563,0.0527981855669708
"166","Skylerowns","2020-09-05 01:26:13",1198,707,0.590150250417362,0.198664440734558,1,1,0.190879373935261,Inf,Inf,0.189655093540646,0.189655093540646
"167","ihave17buttholes","2017-12-28 00:14:12",1864,446,0.239270386266094,0.0359442060085837,1,1,-0.161268147596122,NA,NA,-0.081225439922586,-0.081225439922586
"168","jkpirotte","2021-08-09 13:48:45",869,597,0.686996547756041,-0.365937859608746,0,0,-0.092731625405482,NA,NA,-0.092731625405482,-0.092731625405482
"169","Wiliam103","2019-07-12 20:01:37",1618,2706,1.67243510506799,0.26823238566131,1,0,0.0355239356420709,NA,NA,0.0396612282842925,0.0355239356420709
"170","UrubuRei","2016-02-09 15:47:51",2823,604,0.213956783563585,0.18349273822175,7,0,-0.218038071999143,-0.200670695462151,NA,-0.236228303057868,-0.218038071999143
"171","chicaock","2019-02-20 20:50:13",1773,6583,3.71291596164693,0.0908065425831923,1,7,-0.165819819676748,-0.451985123743057,0.500354323898695,-0.163532986230015,-0.159031829040554
"172","Julian_pal81","2023-07-05 01:16:14",165,463,2.80606060606061,0.563636363636364,0,0,-0.210578880744512,NA,NA,-0.210578880744512,-0.210578880744512
"173","JeremyMNunez","2023-08-22 00:40:45",129,342,2.65116279069767,-2.37984496124031,0,1,-0.533015106138244,NA,NA,-0.533015106138244,-0.525467900502861
"174","AttackAddic","2022-11-24 01:50:08",400,253,0.6325,1.465,0,0,-0.0962561220611004,NA,NA,-0.0962561220611004,-0.0962561220611004
"175","LearningNewbie","2020-11-12 15:36:49",1141,4560,3.99649430324277,0.239263803680982,0,0,-0.0359202023798871,NA,NA,-0.0359202023798871,-0.0359202023798871
"176","hamrazmusthafa143","2021-10-28 15:30:00",745,206,0.276510067114094,0.730201342281879,0,0,-0.20875481386211,NA,NA,-0.20875481386211,-0.20875481386211
"177","BigFlyOhtani","2022-10-03 05:42:38",452,4289,9.48893805309734,0.176991150442478,2,1,-0.322697284148212,Inf,Inf,-0.322981801647315,-0.32563502687054
"178","IvanKutyakov","2023-02-10 15:30:26",315,183,0.580952380952381,-1.8031746031746,0,0,-0.768182366502859,NA,NA,-0.768182366502859,-0.768182366502859
"179","nihar","2016-08-24 17:03:51",2682,3027,1.12863534675615,0.0283370618941089,0,4,0.0188518410320097,NA,-0.510825623765991,0.0188518410320097,0.0325185722284193
"180","rodrigofs10","2021-10-20 11:42:13",735,1127,1.53333333333333,0.0666666666666667,0,0,-0.0114368055182143,NA,NA,-0.0114368055182143,-0.0114368055182143
"181","ad41me","2016-09-27 21:19:02",1999,1013,0.506753376688344,0.170085042521261,0,0,-0.0573757657698026,NA,NA,-0.0573757657698026,-0.0573757657698026
"182","canuck7","2017-02-17 00:46:55",1499,909,0.606404269513009,0.244162775183456,1,0,0.0988544345308534,-Inf,NA,0.0707909410016048,0.0988544345308534
"183","rezashirkhani","2021-12-28 13:43:05",429,369,0.86013986013986,-0.389277389277389,0,0,-0.0868487621425356,NA,NA,-0.0868487621425356,-0.0868487621425356
"184","qasim1155","2019-04-06 00:29:33",1728,20068,11.6134259259259,0.072337962962963,2,3,-0.0202945952240906,Inf,0,-0.0203941080989894,-0.0204213806834724
"185","Yamatokim","2020-07-22 20:36:03",1242,238,0.191626409017713,0.341384863123994,1,2,-0.301030089971281,NA,NA,-0.312353214526538,-0.318453731118535
"186","MrTadlo","2021-04-06 05:18:18",886,1098,1.2392776523702,0.0304740406320542,0,0,0.116119091726264,NA,NA,0.116119091726264,0.116119091726264
"187","chess_STM","2023-03-26 02:16:54",278,1247,4.48561151079137,0.471223021582734,1,1,0.0951801154222725,NA,NA,0.0558905564688038,0.0558905564688038
"188","sl555","2019-11-05 11:48:05",807,2655,3.28996282527881,0.477075588599752,0,0,-0.104649219701374,NA,NA,-0.104649219701374,-0.104649219701374
"189","Bribon81","2017-03-29 23:36:14",2420,972,0.401652892561983,0.201652892561983,4,3,-0.210680934280823,-0.0606246218164346,-0.287682072451781,-0.206545502297083,-0.197655162346185
"190","mahmoudeid712","2021-02-19 23:34:52",771,594,0.770428015564202,0.115434500648508,0,0,-0.0540672212702759,NA,NA,-0.0540672212702759,-0.0540672212702759
"191","Kamitoc","2016-07-26 00:30:57",2711,819,0.302102545186278,0.149391368498709,2,1,-0.439044501382343,0.193584749072665,0.0344014267173323,-0.202269928171456,-0.198730619889135
"192","Satoshi000","2023-09-26 18:49:15",93,674,7.24731182795699,-8.25806451612903,0,0,-0.0925891985729009,NA,NA,-0.0925891985729009,-0.0925891985729009
"193","Caverov","2019-01-25 14:36:20",1219,178,0.146021328958162,-0.506972928630025,0,0,-0.25489224962879,NA,NA,-0.25489224962879,-0.25489224962879
"194","marsito_bae","2021-06-10 08:51:54",749,554,0.739652870493992,0.895861148197597,0,0,-0.228494611227194,NA,NA,-0.228494611227194,-0.228494611227194
"195","Pembunuh7Jendral","2023-07-05 14:34:10",138,218,1.57971014492754,1.60144927536232,0,0,-0.0628810422873181,NA,NA,-0.0628810422873181,-0.0628810422873181
"196","Chango95","2020-05-11 19:31:10",1266,371,0.29304897314376,0.185624012638231,1,1,-0.585220544541937,NA,NA,-0.517167081296921,-0.517167081296921
"197","Kader_Alg","2022-09-15 19:03:18",453,506,1.11699779249448,-0.618101545253863,1,1,0.265220190596836,Inf,Inf,0.237630660710711,0.237630660710711
"198","medfad","2021-02-12 20:38:57",1020,577,0.565686274509804,0.194117647058824,0,0,0.0150378773645405,NA,NA,0.0150378773645405,0.0150378773645405
"199","arkiriver","2016-12-31 18:44:14",2477,464,0.187323375050464,0.0363342753330642,0,0,0.0564927087227199,NA,NA,0.0564927087227199,0.0564927087227199
"200","yuyin68","2020-09-23 21:47:47",1175,2165,1.84255319148936,0.351489361702128,16,2,0.28328214623181,1.12108514452017,1.71479842809193,0.226839107187932,0.268378408798433
"201","redaven","2023-03-17 09:51:08",253,503,1.98814229249012,-0.470355731225296,0,0,-0.169345926325138,NA,NA,-0.169345926325138,-0.169345926325138
"202","manicidoraymart28","2020-03-01 15:28:07",1402,2691,1.91940085592011,0.483594864479315,1,2,0.0693033437177046,Inf,-0.325833156585811,0.0706734530664646,-0.0184207164261685
"203","farukc","2017-04-03 22:09:55",2393,2126,0.888424571667363,0.16464688675303,1,1,-0.010985268820201,Inf,Inf,-0.0130138058933656,-0.0130138058933656
"204","tpmuz","2023-02-28 19:16:29",306,484,1.58169934640523,-1.27777777777778,0,0,0.356574698336924,NA,NA,0.356574698336924,0.356574698336924
"205","Beto355","2019-04-21 21:37:15",1702,373,0.219153936545241,0.00881316098707403,0,0,0.360564310954123,NA,NA,0.360564310954123,0.360564310954123
"206","jmarccr","2021-01-04 21:33:10",991,3240,3.2694248234107,-0.25933400605449,0,3,0.0341791836644608,NA,1.79175946922805,0.0341791836644608,0.0242247399163362
"207","giogioka","2020-04-09 21:30:35",1030,454,0.440776699029126,0.259223300970874,0,0,-0.02081962778239,NA,NA,-0.02081962778239,-0.02081962778239
"208","regragui","2015-06-19 13:48:53",3008,10817,3.59607712765957,0.0718085106382979,33,2,0.0830324204692642,0.597167133587555,-0.693147180559945,0.068451002295758,0.083936518767177
"209","mosesmulilo0","2022-08-21 21:08:20",497,643,1.29376257545272,-0.154929577464789,0,0,-0.135583088003792,NA,NA,-0.135583088003792,-0.135583088003792
"210","EDUARDO1968","2022-03-12 13:03:42",655,1770,2.70229007633588,-0.050381679389313,0,0,0.019125691114855,NA,NA,0.019125691114855,0.019125691114855
"211","gshing","2021-06-06 16:46:41",854,1159,1.35714285714286,-0.505854800936768,0,1,-0.0131472723640339,NA,NA,-0.0131472723640339,0.0250739404561631
"212","Rpx543","2019-06-25 13:58:12",1650,190,0.115151515151515,0.376363636363636,0,0,0.0706695733506892,NA,NA,0.0706695733506892,0.0706695733506892
"213","ugo1111","2021-11-30 10:38:59",595,2548,4.28235294117647,-0.141176470588235,0,0,-0.110717917946619,NA,NA,-0.110717917946619,-0.110717917946619
"214","chintan14911","2019-12-14 05:47:11",1478,1324,0.895805142083897,0.144790257104195,0,1,0.0562848513258612,NA,Inf,0.0562848513258612,0.0501141536796149
"215","Siddharth_Subbareddy","2022-04-29 23:12:32",612,298,0.486928104575163,-0.975490196078431,0,0,0.0440211920582613,NA,NA,0.0440211920582613,0.0440211920582613
"216","Mr_Roma_Mounir","2019-11-04 00:19:27",1520,4115,2.70723684210526,0.294078947368421,2,2,-0.101129325781987,-0.980829253011726,-0.980829253011726,-0.0704842079187099,-0.0704842079187099
"217","Vidhubiju","2021-06-12 13:29:41",900,205,0.227777777777778,0.156666666666667,0,0,-0.11216504335216,NA,NA,-0.11216504335216,-0.11216504335216
"218","Densus88","2020-07-19 02:00:01",1260,7978,6.33174603174603,0.332539682539683,0,2,-0.111132626447809,NA,NA,-0.111132626447809,-0.111206608040671
"219","ezenechea","2018-05-02 02:28:12",1910,884,0.46282722513089,0.0926701570680628,2,2,0.142626272174988,0.287682072451781,0.287682072451781,0.137040925317493,0.137040925317493
"220","Ziunel","2023-06-11 20:57:24",182,475,2.60989010989011,-3.96153846153846,1,1,-0.0971637484536477,-Inf,-Inf,-0.0931867147261176,-0.0931867147261176
"221","HacketonEnigmatico","2023-02-10 02:59:42",267,378,1.41573033707865,-1.19475655430712,0,0,0.207620635205185,NA,NA,0.207620635205185,0.207620635205185
"222","GoatHernando","2023-01-09 22:06:15",358,6699,18.7122905027933,0.335195530726257,0,1,0.0633619735150861,NA,NA,0.0633619735150861,0.0612013677051806
"223","yusufbabuscu","2020-03-01 00:39:09",1191,813,0.682619647355164,0.17296389588581,0,1,-0.0590876721795982,NA,1.38629436111989,-0.0590876721795982,-0.0724955020381534
"224","Perriyeah","2021-01-04 04:07:02",1057,3062,2.89687795648061,0.559129612109745,2,2,0.04523758217473,-1.79175946922805,-1.79175946922805,0.05206119029648,0.05206119029648
"225","terrynguyen98","2020-09-03 07:52:27",1100,4335,3.94090909090909,0.274545454545455,0,2,-0.0259070535119818,NA,-Inf,-0.0259070535119818,-0.0238396428763497
"226","HectorNaelUtrera","2022-09-24 04:00:08",432,242,0.560185185185185,1.09953703703704,0,0,0.271430823846189,NA,NA,0.271430823846189,0.271430823846189
"227","MoChess90","2020-10-21 19:19:05",949,1561,1.64488935721812,0.536354056902002,0,2,-0.0685199464367558,NA,-0.405465108108164,-0.0685199464367558,-0.0577461305774064
"228","aw0721","2022-10-10 19:08:17",424,112,0.264150943396226,1.51650943396226,0,0,-0.977350988635402,NA,NA,-0.977350988635402,-0.977350988635402
"229","chessrook23","2023-09-21 07:01:15",102,552,5.41176470588235,14.1274509803922,9,0,-0.0424306071297053,Inf,NA,-0.0810284149982958,-0.0424306071297053
"230","DXLNT1","2020-05-22 03:33:54",1320,3725,2.8219696969697,-0.111363636363636,1,7,0.0701611965806214,NA,-1.70474809223843,0.082381307915397,0.0938871205345888
"231","Saumyabha","2023-08-28 02:02:46",126,1561,12.3888888888889,-0.976190476190476,0,1,0.064522585980537,NA,NA,0.064522585980537,0.0735316559229029
"232","philidor_hater","2023-08-07 00:17:48",102,289,2.83333333333333,4.94117647058824,0,0,-0.292136422801161,NA,NA,-0.292136422801161,-0.292136422801161
"233","DrGametao","2022-11-22 20:00:59",405,1497,3.6962962962963,-0.481481481481481,0,0,-0.114478771690241,NA,NA,-0.114478771690241,-0.114478771690241
"234","ju4njo","2020-05-22 12:04:38",1314,1701,1.29452054794521,0.184931506849315,0,6,0.132231928340661,NA,0.828373967769713,0.132231928340661,0.0627971188690351
"235","jt555000","2023-05-24 04:13:57",209,361,1.72727272727273,-1.3444976076555,1,1,0.473055595312389,-Inf,-Inf,0.171166496216259,0.171166496216259
"236","faromerocu","2020-05-28 00:32:20",1227,588,0.47921760391198,0.303178484107579,0,3,0.24732638710295,NA,0.421213465076304,0.24732638710295,0.195067012943317
"237","Diaa_Edeen","2019-09-13 11:23:23",1506,855,0.567729083665339,-0.0278884462151394,1,2,0.0115673992931656,-Inf,0.693147180559946,-0.0398822818735369,-0.0505250579314254
